ID,Name,Age,City,Email
1,Jasmine Hebert,46,New Ianborough,garciachristian@example.net
2,Natasha Cruz,22,Rothstad,zspencer@example.org
3,Angela Costa,31,West Michaelhaven,williamsrobert@example.net
4,Timothy Adkins,21,Comptonchester,fredericktodd@example.com
5,Nicole Wilcox,54,New Seanview,jacqueline59@example.org
6,Miranda Holmes,56,Lake David,norma12@example.org
7,Jonathan Moreno,60,Christinachester,rodriguezcrystal@example.org
8,Tracy Wilson,42,Richardview,johnsonpamela@example.com
9,Tanner Fleming,23,Elizabethfurt,wtaylor@example.com
10,Cory Riley,46,Scottstad,lharris@example.com
11,John Barajas,25,East Krista,alexiswilson@example.org
12,Carrie Estes,49,Port Kristinbury,christy21@example.net
13,Stephen Brown,30,Acostaview,ashley19@example.net
14,Lisa Gibbs,36,East Robertland,michael65@example.org
15,Mark Gates,49,Ryanshire,arthur28@example.net
16,Kelly Fowler,34,Port Monique,ryan17@example.org
17,Tonya Thompson,29,South Michaelborough,robin21@example.org
18,Ryan Riley,41,West Nancyhaven,ross22@example.net
19,Alexandria Carr,42,Rojasmouth,victoriahale@example.com
20,Elizabeth Johnson,44,Gutierrezborough,ibryan@example.com
21,Arthur Wilson,38,New Steven,faithkirby@example.org
22,Ashley Garcia,45,Andrewport,jalvarez@example.org
23,Sydney Davila,59,Port Williamstad,lterry@example.net
24,Beth Taylor,56,East Jennaland,erin68@example.org
25,Jodi Thomas,49,Samanthaland,darrell79@example.com
26,Robert Avila,48,Loriborough,nunezcrystal@example.net
27,Aaron Long,40,South Kristinamouth,dunlapgregory@example.org
28,Patricia Jones,44,Delgadoberg,tracey75@example.net
29,Chelsey Davis,57,Terrystad,lori58@example.com
30,Kenneth Jefferson,44,New Stephaniechester,anthony43@example.com
31,Christopher Patterson,55,Randyton,tcox@example.com
32,Andrew Mora,55,East Jerry,adrianjames@example.org
33,Matthew Barnes,38,Davidchester,stephanie78@example.org
34,Rebecca Brown,48,Port Michaelmouth,moorejessica@example.org
35,Richard Lawrence,36,Megantown,dennisibarra@example.net
36,Christopher Pena,43,East Carrie,josecunningham@example.net
37,Caitlyn Rodriguez,22,Brandonview,alyssaward@example.com
38,Tamara Lindsey,20,South Michelefort,thomas43@example.org
39,Stephen Moss,26,Smithbury,gillespiegarrett@example.net
40,Jason Shaffer,58,Reedberg,stacy79@example.net
41,Luis Day,49,West Jefferymouth,andrea67@example.net
42,Donna Turner,42,Port Gregoryborough,mccarthylinda@example.com
43,Kevin Moss,38,Lake Jenniferside,mitchellthomas@example.org
44,Ryan Saunders,34,Port Joshua,wrightdiana@example.com
45,William Park,45,North Stevenmouth,alisonrivas@example.org
46,Stephen Davis,50,Grahammouth,erinmartinez@example.com
47,Daniel Schmitt,27,Christopherberg,sanchezkelly@example.com
48,Angela Martin,49,West Josephmouth,psmith@example.com
49,Crystal Hernandez,38,Whiteshire,oyoung@example.com
50,Yolanda Baker,44,New Kristimouth,montgomeryzoe@example.org
51,Lydia Scott,28,North Brent,halljennifer@example.com
52,Justin Murphy,48,South Lori,whitekatrina@example.org
53,Kenneth Ferguson,38,South Susan,robert04@example.org
54,Mr. Victor Cooper,40,Amandashire,elizabeth59@example.org
55,Allen Vaughn,46,West Nicholas,lowerycharles@example.net
56,Joe Lawrence,51,East Rodneyfort,allenjoan@example.org
57,Stephen Wilson,30,Dylanville,crosbybilly@example.net
58,Amy Allen,25,Foxhaven,tdaniel@example.org
59,Maria Turner,52,Juliefurt,whitejohn@example.org
60,Ronald Garcia,36,Johnsonburgh,chapmanmike@example.com
61,Matthew Mcbride,34,Rodriguezhaven,yvonnerangel@example.com
62,Jeremiah Winters,58,Carlosfurt,marciagriffin@example.com
63,Alex Weaver,31,Leemouth,kennethbruce@example.com
64,Victor Gordon,34,Biancaport,cruzjason@example.net
65,Taylor Good,51,Chandlermouth,riverasamantha@example.org
66,Donna Lewis,57,New Andrewland,robertmcguire@example.net
67,Lisa Love,37,Edwardview,mbarnett@example.org
68,Matthew Kelly,27,East Andrewhaven,sheltonjeremiah@example.com
69,Kim Bean,41,New Melissa,kristahale@example.net
70,Matthew Garcia,32,North Micheleport,leroyscott@example.net
71,Billy Graham,28,Penningtonport,pamela06@example.com
72,Shelley Padilla,23,Lake Lisa,pmullen@example.net
73,Leah Mitchell,60,East Erica,brendapatton@example.org
74,Margaret Williams,40,Wolfside,erika33@example.org
75,Rose Brandt,29,Shawland,sheilahale@example.net
76,Bradley Russell,28,Langmouth,miranda19@example.net
77,Jose Hart,22,Lake Carlos,xmiller@example.net
78,Megan Rogers,40,Bensontown,zestrada@example.org
79,Natalie Roth,31,Port Craig,xlane@example.net
80,Randall Obrien,40,North Joseph,nkirk@example.com
81,Diamond Williamson,49,North Tinatown,okelley@example.com
82,Carrie Cunningham,37,South Yesenia,john35@example.org
83,Cody Green,42,Port Joseph,vdavis@example.org
84,Lisa Orr,47,North John,brett90@example.org
85,Eric Moyer,22,East Julia,xclark@example.com
86,Tyler Pruitt,50,North Lisa,lynnjackson@example.org
87,Tracy Garcia,31,South Brianfurt,fbell@example.com
88,Desiree Martinez,21,Rileyborough,james26@example.net
89,John Daniels,25,Port Henry,danielle22@example.org
90,Cynthia Tran,30,North Alexandriaport,palmerrobert@example.org
91,David Jacobs,46,North Andrewtown,keyryan@example.net
92,Dr. Jeremy Anderson,27,New Keithview,brenda09@example.com
93,Andrea Fuentes,34,Watkinsmouth,melissa36@example.org
94,Jenna Hubbard,20,New Carly,huntmark@example.net
95,Jeremy Burns,49,North Jimmyview,heather84@example.com
96,Danielle Cannon,23,Port Steven,dickersonfelicia@example.org
97,Meghan Ramos,49,New Kevinchester,brennanelizabeth@example.com
98,Joan Jackson,24,South Sydneyberg,daniellejackson@example.net
99,Jessica Collins,50,South Luischester,melissaanderson@example.org
100,Ms. Sarah Martinez,46,Taylorton,bfuentes@example.org
101,Colleen Davis,32,Heathstad,hamiltonroberto@example.org
102,Robert Solomon,33,Sharichester,marshalllydia@example.com
103,Laura Ortiz,52,South Joshuaport,torresanthony@example.net
104,Michael Mendoza,55,North Monicaville,omyers@example.com
105,Ashlee Hammond,49,Markville,tarahardy@example.org
106,William Blankenship,22,North Sarahbury,jeremygregory@example.org
107,Jennifer Johnson,60,Lake Rachel,mariaanderson@example.com
108,Kimberly Stone,52,East Scottfurt,mtucker@example.com
109,Mark Wright,29,Gregoryton,dholland@example.net
110,Martin Thornton,35,New Joshuabury,mary91@example.org
111,Connor Smith,37,East Terri,johnhumphrey@example.net
112,Mr. Christopher Carter,59,Port Kellyborough,jon86@example.org
113,Jimmy Patel,38,Myersland,jayjohnson@example.com
114,Raymond Taylor,27,North Michaelberg,yzuniga@example.org
115,David Stevens,54,Mooreburgh,dlyons@example.org
116,Joanna Small,57,Lake Pamela,bellison@example.org
117,Valerie Schmidt,55,Lisamouth,angelica35@example.com
118,Scott Novak,28,Johnburgh,carrie59@example.net
119,Stephanie Jones,58,Harpermouth,jennifer63@example.org
120,Jake Wright,36,East Josephton,wandalevine@example.com
121,Mr. Patrick Thornton IV,50,East Brianmouth,tperez@example.net
122,Stephen Barnes,32,Griffithville,ericacharles@example.org
123,Cory Castillo,45,Port Jameston,dawn88@example.net
124,Kathy Miller,57,Port Jennifer,vicki73@example.org
125,Wesley Ross,32,Nelsonside,burkekathryn@example.com
126,Holly Johnson,51,Rebeccamouth,collinsjoseph@example.org
127,Brianna Payne,45,Isaiahborough,john18@example.org
128,Jacob Downs,46,South Robert,william55@example.net
129,Mark Russell,25,Fergusonshire,nataliewilliams@example.net
130,Alexis Thompson,43,Port Jamesberg,webbderek@example.com
131,Justin Montgomery,30,Chrisbury,wrightjennifer@example.net
132,Gina Walker,40,Sethview,pgarcia@example.org
133,Nancy Golden,54,Monicaburgh,nicole66@example.com
134,Steven Steele,56,Shirleychester,poolestephen@example.org
135,Mary Joyce,31,Martinezshire,scottcindy@example.com
136,Danielle Phillips,34,Baileyborough,fieldsmichelle@example.com
137,Jeffrey Martin,36,North Veronica,stephaniemooney@example.net
138,Matthew Mccann,57,North Kendrabury,julia22@example.net
139,Julie Peterson,33,Xavierbury,robert92@example.com
140,Beverly Hall,44,Grahamfort,atkinsonleslie@example.com
141,Nicholas Lopez,54,Bishopburgh,dustin37@example.com
142,Jennifer Smith,28,North Michael,dustinhodge@example.net
143,Derrick Evans,29,South Christophershire,tprice@example.net
144,Julia Cooper,56,Port Tammychester,thomaschristine@example.org
145,April Obrien,34,New Charles,stacy02@example.com
146,Alice Carter,49,Boyerbury,jlee@example.com
147,Rebecca Reed,52,South Erintown,susandavis@example.net
148,Denise Best,52,Annettechester,melissa04@example.net
149,Gregory Anderson,52,Farmerberg,riveracynthia@example.com
150,Christian Santiago,33,Marialand,katherine43@example.org
151,Shane Parks,25,Jacquelineside,hsummers@example.com
152,Scott Davila,44,West Jessica,zacharyguerrero@example.net
153,Jody Pope,53,Rodriguezchester,thomas49@example.net
154,Nicholas Bradshaw,27,North Davidview,maria73@example.org
155,Jared Baker,43,Aguirreland,tmason@example.com
156,Timothy Hogan,41,Averyborough,debrachambers@example.com
157,Joyce Floyd,60,Melanieville,brittany81@example.net
158,Matthew Jackson,23,Lake Amyville,peterrocha@example.net
159,Michael Morgan,56,South Amandafurt,robert38@example.net
160,James Gonzalez,28,Tiffanyport,banksjohn@example.org
161,John Ball,60,East Paulburgh,christian57@example.org
162,Juan Barker,30,Leroyville,brentperez@example.com
163,James Taylor,54,West Bryce,benjamindaniel@example.org
164,Margaret Preston,22,Rodriguezmouth,lisa20@example.org
165,James Gardner,52,Lake Brooke,garrettmelissa@example.com
166,Michelle Mitchell,20,Port Jennifertown,browningjohn@example.net
167,Michael Hayes,55,Mayport,armstrongkimberly@example.net
168,Frank Shepard,44,Larryview,gmorris@example.net
169,Rachel Huang,21,Michaelamouth,watsonshawn@example.com
170,Nathan Pittman,57,West Michaelview,aford@example.org
171,Joseph Allen,22,East Danielbury,stacyroberts@example.net
172,Austin Owens,22,New Jonathan,williamsmark@example.net
173,Debra Vega,29,Brennanton,forddavid@example.com
174,Martin Jimenez,41,Lake Richard,kbrown@example.com
175,Brandon Green,43,Melissafort,jeffery91@example.net
176,Rebecca Moore PhD,40,West Leslie,wellsroy@example.org
177,Sarah Gonzales,42,Taylorfurt,hudsonkimberly@example.net
178,April Obrien,25,South Jonathan,scott58@example.com
179,Karen Adams,22,Traviston,daniel40@example.com
180,Jeff Saunders,33,Dawnberg,framirez@example.net
181,Daniel Monroe,58,South Keith,xhudson@example.com
182,Tara Davis,36,South Daltonburgh,velasquezkelly@example.org
183,Heidi Marquez,59,Jacksonborough,mannkaren@example.org
184,Brenda Brown,37,Rickyport,ebonydiaz@example.org
185,Justin Myers,49,South Cindy,petersonjohn@example.net
186,Matthew Miller,44,Jonesburgh,johnsontravis@example.com
187,Joseph Miles,32,West Juanburgh,potteralicia@example.com
188,Melissa Walker,54,Rachelland,carlos83@example.com
189,Kelly Branch,56,Mariaborough,daychristopher@example.net
190,Megan Rivera,56,Walshfort,samuel53@example.com
191,Jermaine Miller,22,North Kristenville,johnwood@example.org
192,Denise Foster,42,Brittanyborough,higginslaura@example.com
193,Carol Williams,21,Danielsfurt,kylehess@example.org
194,Cynthia Anderson,38,Thomasberg,changjoshua@example.com
195,Katherine Phillips,43,Rachelville,tanya47@example.org
196,William Ellison,23,Johnnyville,angela37@example.com
197,Samantha Riggs,24,South Keith,abigaildavis@example.com
198,Gavin Wilson,32,Wilsonmouth,cynthiaortega@example.org
199,Joseph Roberson,20,Christopherfort,courtneycochran@example.com
200,Stephanie Hernandez,31,Lake Joelland,matthewsgregory@example.net
201,Nicole Long,23,Aprilberg,valenciazachary@example.org
202,Nancy Benson,38,New Lisahaven,gtaylor@example.com
203,Janice Matthews,48,South Cynthiaville,michaelkhan@example.com
204,Charles Thompson,23,West Shaunfort,obrienmason@example.net
205,Jonathan Ramirez,38,East Chad,hbauer@example.org
206,Holly Foster,54,Loriport,ian18@example.net
207,Mike Hunter PhD,45,Brownville,bishopjason@example.com
208,Kelly Cannon,38,East Matthew,lori31@example.com
209,Anita Marshall,38,Lake Jamesside,jessica75@example.com
210,Lisa Wilson,25,Terrenceside,ddavis@example.com
211,Gabriel Nelson,43,Lake Paige,amy26@example.org
212,Leslie Mills,44,South Ronaldfurt,westbenjamin@example.org
213,Joshua Rodriguez,33,Blakeview,crystalsmith@example.com
214,John Payne MD,51,Lindamouth,carlaustin@example.net
215,Janice Wilcox,52,North Matthewhaven,ponceangela@example.org
216,Cheryl Douglas,49,Johnsonburgh,tinasmith@example.org
217,Allison Burke,60,Dianehaven,floreskenneth@example.com
218,Robert Davis,27,East Cindyport,shawnrowe@example.com
219,Denise Huynh,39,East Billytown,yhunt@example.org
220,Rebecca Winters,41,Smithstad,james47@example.net
221,Derek Maldonado,41,Murphyville,stevenoneill@example.com
222,James Jones,34,West Katherine,forbesrobin@example.net
223,William Wright,33,West Kristenborough,james76@example.com
224,Zoe Mullen,27,Tonyfort,george35@example.net
225,Timothy Martinez,46,Chadmouth,melissajuarez@example.net
226,Vanessa Bass,23,West Amandaburgh,gary20@example.org
227,Maria Jimenez,22,Lanestad,brownbrian@example.com
228,Dr. Eric Ingram,21,Nicoleville,reedpeter@example.org
229,Cesar Henry,60,West William,oscarhardy@example.org
230,Michael Wiley,48,Nortonview,stephanie13@example.org
231,Anita Jensen MD,24,Lake Cody,walkerjulie@example.com
232,Ashley Hamilton,43,Nicholsonmouth,danielharris@example.net
233,Richard Bryan,34,Port Christophershire,walkercharles@example.net
234,Courtney Martin,32,South Rebeccaburgh,nbenjamin@example.com
235,Bryan Rivas,25,New Monique,johnsonadam@example.net
236,Ryan Mitchell,60,Stephensville,aterry@example.net
237,Amanda Mercado,22,Burkechester,sarah32@example.org
238,Antonio Campbell,50,Juarezmouth,alicevang@example.org
239,Anna Brown,25,Brianshire,melissahart@example.com
240,Theresa Lucero,20,Lake Denisefurt,carlhall@example.com
241,Nicholas Owens,38,South Jerry,wbarnes@example.org
242,Jessica Thompson,60,Brownburgh,hopkinsethan@example.org
243,Christopher Hodges,33,Jodiville,crystal90@example.com
244,Benjamin Watson,45,Juliebury,richardflynn@example.net
245,Robert Robinson,53,Port Catherineport,katherine58@example.org
246,Robert Anderson,57,New Josefort,sandra10@example.org
247,Debra Quinn,59,Lake Austin,dustin27@example.com
248,Julie Scott,41,New Ericside,hudsonscott@example.net
249,Miguel Reyes,28,Alexanderfort,nicolefigueroa@example.net
250,David Powers,31,Jamesborough,leemelissa@example.net
251,Alyssa Mercado,45,Patrickfort,sandra98@example.net
252,Joshua Nguyen,58,Scottland,johnnygray@example.org
253,Heather Patel,59,New Rossmouth,nelsonlaurie@example.com
254,Trevor Carroll,41,Hansonchester,frank94@example.net
255,Lisa Johnson,23,East Melissatown,madison40@example.net
256,Linda Jackson,40,Daniellehaven,downscurtis@example.org
257,Johnny Simmons,21,South Soniaside,marissamann@example.org
258,Michael Bell,25,Port Rhonda,christopher08@example.org
259,Jonathan Diaz,22,South Steven,joshuajones@example.org
260,Michael Hoffman,56,South Courtneyhaven,yolanda78@example.org
261,James Johnson,38,Hannahberg,ylara@example.org
262,Christopher Ramos,41,North Deannaview,glovercharles@example.net
263,Jennifer Jones,50,Lake Catherine,brettsmith@example.com
264,Donald Raymond,48,West Douglastown,jasmine39@example.org
265,Brian Page,55,Maryshire,luke08@example.org
266,Mrs. Brandy King,41,West Breanna,katelynallen@example.org
267,Roger Gray,53,West Lori,kenneth94@example.com
268,Bridget Adams,42,South Kayla,martinezkaren@example.com
269,Hannah Stanley,56,North Kevinport,michelewalton@example.net
270,Mckenzie Barrera,32,Melanieland,julie06@example.com
271,Aaron Lang,36,Lake Christopherside,rodriguezjose@example.org
272,Donna Estrada,35,West Vanessafort,adamsjoshua@example.org
273,Matthew Lane,43,Yangfort,owilcox@example.com
274,Amy Jones,58,Lake Michele,fnelson@example.net
275,Tracey Bridges,50,Millerview,davidphillips@example.org
276,Amanda Franco,44,New Carriehaven,christina63@example.com
277,Richard Allen,36,Raymondhaven,jessicaorozco@example.com
278,Edward Espinoza,51,Scottchester,smithkelly@example.com
279,Lindsey Hill,47,Ashleyberg,deborah98@example.net
280,Dr. Stanley Holmes,36,Ellenstad,heatherweber@example.net
281,Robert Beasley,37,Chavezport,stephaniesmall@example.net
282,Derek Miller,51,Carrollton,mcarpenter@example.com
283,David Torres,51,Reginashire,kennethgilbert@example.org
284,Charles Fuller,55,North Michelle,karen81@example.org
285,Ashley Holland,42,East Kristin,ortizkyle@example.com
286,Mary Ray,51,East Shirley,angelica80@example.net
287,Elizabeth Garcia,29,West Benjamin,carolyn26@example.net
288,Sean Nicholson,47,Port Eric,sarahallen@example.com
289,John Campbell,49,Lisafort,kara09@example.net
290,Elizabeth Wright,47,Kristenland,eric33@example.net
291,Kari Horne,60,West Steven,wtran@example.net
292,Nicole Buck,24,Johnland,ycabrera@example.org
293,Ashley Brown,31,West Kimberly,lgrimes@example.org
294,William Sanders,54,Jonesmouth,aguirrekelli@example.com
295,Reginald Jones,22,West Kimberly,wayne50@example.org
296,Jordan Stewart,32,West Jochester,lmiller@example.com
297,Curtis Clarke,38,North Melindaland,rmartinez@example.org
298,Tara Benjamin,25,West Kenneth,ashley70@example.com
299,Chase Sanchez,49,Melissatown,michellejones@example.com
300,Kenneth Thornton,38,Youngville,jamescastillo@example.org
301,Stephen Chavez,54,Williamsonfurt,katherine45@example.org
302,Megan Jones,31,Proctorview,wilcoxamber@example.net
303,Jennifer Manning,36,Wellsberg,kristina36@example.net
304,Donald Bradley,55,North Kenneth,wellstimothy@example.com
305,Hunter Yang,20,Lake Taylorberg,bautistarobert@example.org
306,Donna Lewis,42,New Patricia,yeseniasweeney@example.net
307,Ronald Diaz,60,Stuartside,nicholascarter@example.org
308,Steven Smith,52,South George,antonio76@example.org
309,Scott Newton,37,Port Jennifer,christopherharris@example.com
310,Melanie Hendricks,24,Smithville,jamesterri@example.net
311,Kelly Martin,26,South Tracy,daniel71@example.net
312,Timothy Anderson,35,New Kelseyton,zarias@example.net
313,Joshua Morrison,52,Johnsonville,sean69@example.net
314,Eric Jones,58,North Michelle,romerospencer@example.net
315,Maria Gray,25,Hancockton,phillipsdakota@example.org
316,Tyler Espinoza,39,New Morgan,zdennis@example.org
317,James Roth,32,New Heathershire,sandersbradley@example.org
318,David Moore,31,New Shelbymouth,frederick21@example.org
319,Brandy Morse,36,Lake Anthony,reynoldschad@example.com
320,Mary Lloyd,60,West Lauren,diazjoel@example.org
321,Nichole Ashley,25,Andersonside,claudiaboyd@example.net
322,Amanda Copeland,36,Lake Jonathonstad,gary31@example.org
323,Darius Mullins,48,Andreafort,fnolan@example.org
324,Kathryn Powell,25,New Markchester,linda42@example.com
325,Paul Smith MD,51,East Rachel,riversbrian@example.net
326,Barbara Brown,39,Solomonmouth,uolson@example.org
327,Jonathan Williams,56,West Davidville,mcguirekeith@example.net
328,Stacey Bullock,47,North Nicole,bergersamantha@example.com
329,Megan Smith MD,38,Lake Lisa,lrodriguez@example.net
330,Holly Guzman,24,Leslieland,benjamin41@example.com
331,James Lam,39,Port Amybury,sarahmaynard@example.org
332,Mr. Frank George,40,Priscillaburgh,gabrielhenderson@example.org
333,Cristina Strickland,36,Turnerhaven,jessica18@example.com
334,Kathryn Harris,29,Alexanderhaven,feliciavalencia@example.com
335,Phillip Woods,25,Josephside,ocoleman@example.net
336,Hannah Jones,29,Lake Nicholasmouth,gregory62@example.org
337,Zoe Padilla,46,East Joshuafort,jeffery58@example.net
338,Linda Ewing,26,Garciaview,sanderson@example.org
339,Natalie Zamora,34,North Nathanbury,luisjones@example.net
340,Mary Li,56,Nicolemouth,scottjordan@example.org
341,Lauren Bell,60,Lake James,meyerjason@example.com
342,Adam Davis,52,South Randy,nlee@example.org
343,Nicole Reilly,25,Wrightshire,xolsen@example.com
344,Ashley Garcia,57,New Jeffreyshire,jesse05@example.net
345,Cynthia Duncan,22,West Jasonmouth,anna77@example.net
346,David Coleman,27,Robertton,fsmith@example.net
347,Cynthia Sanchez,26,Austinville,batesthomas@example.net
348,Cassandra Brooks,33,Barnesville,bryanscott@example.net
349,Joseph Gay,41,Sandovalview,christopherross@example.org
350,Donna Johnson,57,Catherineshire,dayers@example.org
351,Kelly Lopez,52,North Michael,millersharon@example.net
352,Michael Crawford,31,West David,dmiller@example.com
353,Kimberly Steele,22,Bowersland,newtonscott@example.net
354,Larry Gaines,56,Robertburgh,loretta78@example.net
355,Jessica Williams,27,North Yvonne,abrown@example.org
356,Richard Hall,28,Waltonside,harperbrenda@example.com
357,Dr. Donald Davis,58,Dianeside,baldwinchristopher@example.com
358,Stephanie Johnson,26,Denisefurt,ryanlogan@example.com
359,Dawn Hart,55,East Markburgh,douglasamy@example.net
360,Kathleen Cook,40,Lake Jacob,morrisjessica@example.org
361,Darin Sullivan,46,Gutierrezfurt,jason51@example.net
362,Cheryl King,35,Garciaport,normanday@example.org
363,Jane Kennedy,34,Jennifershire,lewisjennifer@example.com
364,Olivia Brown,56,Morganfort,lewisemily@example.net
365,Patrick Frey,47,New David,diamond79@example.com
366,Elizabeth Smith,46,South Adamtown,zlester@example.org
367,Felicia Johnson,34,Biancashire,bryanbeasley@example.net
368,Kathleen Baker,49,Lake Edwardside,megan94@example.net
369,Brady Cooper,45,Staffordmouth,pfox@example.com
370,Gerald Stevens,31,East Ronaldland,daniel03@example.net
371,Anna Glass,33,Lake Mary,slewis@example.com
372,Katrina Camacho,29,Jenkinsborough,jsmith@example.org
373,Jonathan Johns MD,60,Lake Christopher,leroywalker@example.org
374,Morgan Lopez,47,New David,jameskelly@example.net
375,Dustin Colon,55,Sellersfort,medinalaura@example.net
376,Stephanie Barnes,48,Katiehaven,edward98@example.com
377,Laura Murillo,53,Lake Mallory,karawalton@example.org
378,Elizabeth Smith,43,West Matthewberg,qhernandez@example.com
379,William Rush,36,Steventown,hickstracy@example.org
380,Mark Wallace,22,Kevinfort,qthompson@example.org
381,Dustin Fernandez,45,Lake Richard,lyonsmichael@example.org
382,Douglas Morales,26,Susanshire,diazjames@example.org
383,Ryan Roman,27,New Sarah,bhutchinson@example.net
384,Jay Santana,41,Lake Margaretstad,lmiller@example.com
385,Mr. Justin Jackson,59,Phillipsmouth,melissa32@example.com
386,Mark Eaton,56,Ortegaton,timothyespinoza@example.com
387,Scott Brown,22,Port Christinatown,paul08@example.net
388,Ralph Green,40,Jasonberg,brian62@example.com
389,Patricia Williams,24,New Joseph,williampatel@example.org
390,Isaac Miller,57,South Josephstad,danielleharris@example.net
391,Steven Callahan,50,Gregton,james60@example.net
392,Brian Huang,49,Swansonburgh,davistaylor@example.net
393,Sheri Good,58,Starkberg,aprilwyatt@example.net
394,Andrew Page,41,Shawnchester,brettsimpson@example.com
395,James Buchanan,42,Port Ian,tsullivan@example.org
396,Megan Butler,56,Lake Masonbury,bbutler@example.com
397,Rebecca Williams,47,New Amanda,kellybrittany@example.com
398,Chelsey Allen,59,Pamside,ymiller@example.net
399,Christopher Macias,34,Alvarezmouth,sheltonsherri@example.com
400,John Livingston,21,Ramseymouth,efuentes@example.net
401,Rachel Hill,28,Lake Aaron,jonathan80@example.com
402,Raymond Simmons MD,25,Priceborough,parkerjonathan@example.com
403,Amy Andrews,54,Michelleport,ctapia@example.com
404,Joshua Rivas,38,South Loritown,adamreed@example.com
405,Maria Figueroa,55,Lake Tylerside,brian83@example.org
406,Jo Reed,47,Griffinhaven,christian35@example.org
407,Penny Hernandez,29,Brianburgh,jasonjohnson@example.org
408,Justin Ho,22,North Vanessafurt,daniellelucas@example.net
409,Laura Nelson,38,West Richard,sblack@example.org
410,Caitlin Howard,58,Johnberg,taylorjon@example.org
411,Blake Terry,59,Amychester,acruz@example.org
412,Janice Jensen,20,West Gregoryside,ggonzalez@example.com
413,Katelyn Parker,43,New Dana,kimdaniel@example.com
414,Bradley Barnes,50,New Christine,iwolfe@example.com
415,Emily Roberts,35,South Kelsey,tommyparrish@example.org
416,Garrett Hanson,45,Crystalberg,christine15@example.com
417,Barbara Williams,23,Palmermouth,sally27@example.org
418,Jill Taylor,47,South Kristin,david58@example.com
419,Jennifer Pennington,39,Leonardton,daniel52@example.com
420,Victoria West,54,Joshuaville,wmiller@example.org
421,Tyler Murphy,57,Morganberg,stewartchristina@example.net
422,Corey Hall,42,Desireehaven,robertboyd@example.com
423,Betty Whitney,42,Jonesburgh,etorres@example.net
424,Julie Ibarra,35,Lake Christinatown,thudson@example.net
425,Kristen Mcconnell,41,Lake Williamside,vstanley@example.com
426,Andrew Rivera,28,Port Brandonshire,tonyawilliams@example.org
427,Rachael Bryant,42,Cummingsberg,christina44@example.net
428,Rachel Harris,48,West Julie,hryan@example.org
429,Lawrence Johnson,47,Beckertown,pbrown@example.com
430,Mark Williams,20,Port Davidland,bcastillo@example.org
431,John Cox,30,Heatherbury,connie57@example.net
432,Bridget Friedman,26,South Patrick,murphyalan@example.org
433,Dana Waller,28,East Maryfort,vargaslisa@example.com
434,Karen Watts,60,Dunlapport,ycooke@example.net
435,Mary Scott,21,Davidberg,jwiggins@example.net
436,Barbara Lindsey,51,Brianfurt,allenkirby@example.org
437,Jacqueline Coleman,29,New Joelmouth,browncharlene@example.com
438,Dustin Watson,39,North Carlton,nelsonbrittany@example.com
439,Margaret Coleman,41,East Jeffreyborough,lmartin@example.net
440,Mary Reid,44,Hinesburgh,mathisjeffrey@example.com
441,Nicholas Taylor,57,Smithbury,danielle74@example.org
442,Ashlee Fowler,58,West Heatherland,johnstonronald@example.org
443,Kenneth Perkins,36,Meganberg,tracy55@example.net
444,Sarah Watson,53,New Brittanyview,harrisgrant@example.net
445,Kristen Adams,50,Denisetown,coxteresa@example.org
446,Emily Smith,54,Lake Tammyfurt,rachel52@example.com
447,Pamela Charles,41,Susanside,vmartin@example.com
448,Ian Grimes,52,Kaylaside,mhorn@example.com
449,Tanya Flowers,25,Lake Christopher,kaylatravis@example.com
450,Jordan Peters,38,Lake Jamesville,larry29@example.net
451,James Lloyd,23,Odomton,angierichardson@example.com
452,Mr. Donald Silva,24,North Emma,meredith84@example.net
453,Brittany Rodriguez,38,New Pamela,misty00@example.net
454,Timothy Webster,22,New Jeffery,brandonmoore@example.org
455,Henry Stone,37,Powersberg,uwilliams@example.com
456,Matthew Rojas,58,Mckeeport,lynnrussell@example.com
457,Diana Castro,42,New Anthonymouth,kwatson@example.net
458,Lucas Levine,25,Williamsonburgh,clarkthomas@example.com
459,Shannon Jones,35,New Sarah,morganmorgan@example.net
460,Jennifer Cervantes,40,Wilkinsonbury,lucasburton@example.net
461,Ricardo Brown,35,East Colton,george66@example.org
462,William Sanders,42,Ryanbury,xhoward@example.net
463,Joshua Garcia,46,New Jenniferport,bconrad@example.org
464,Scott Ramos,52,North Jeremy,wileybrent@example.org
465,Oscar Jones,47,Odonnellbury,charles28@example.org
466,Carlos Holt,52,Susanmouth,ana64@example.org
467,Tracey Hall,56,Shanefort,garciaalexa@example.com
468,Steve Moore,37,Reynoldsstad,hopkinsbrandy@example.com
469,Emily Martinez,26,South Bradley,gutierrezmatthew@example.com
470,Amanda Blair,39,East Melissa,lisamoore@example.net
471,Rhonda Ruiz,49,Lake Alisonberg,lydia97@example.org
472,Alex Bell,51,South Denisefurt,perry53@example.net
473,Keith Rodriguez,60,North Aliciaborough,darrenschneider@example.org
474,Curtis Martin,37,Jacksonview,kristenwalker@example.com
475,Dillon Wilson,34,Martinezport,gillcynthia@example.net
476,Carrie David,28,Jeffreychester,simpsonmark@example.org
477,Courtney Patel,20,Port Patricia,caldwellangela@example.com
478,James Bishop,32,Port Stacie,williamskevin@example.org
479,Olivia Wilson,27,Amyfurt,dillongarcia@example.com
480,Amy Schneider,44,Lake Nathan,cynthiawilliams@example.net
481,Zachary Robinson,30,Toddstad,piercematthew@example.org
482,Eric Webb,56,South Ashley,ythompson@example.org
483,Gabriella Dougherty,34,Lake Williamfort,diazjeremiah@example.org
484,David Ramos,57,Stacyfurt,ygonzalez@example.net
485,Rebecca Alvarez,39,North Alexander,fjones@example.org
486,Tyrone Walker,49,North Nicholasbury,monica26@example.net
487,Theresa Reed,32,South Sarahmouth,sanderserika@example.org
488,Paul Lee,23,Smithland,lopezwilliam@example.net
489,Catherine Brown,53,Fitzpatricktown,kellyshelton@example.net
490,Taylor Blackburn,49,Mcmillanmouth,juan21@example.com
491,Paige Mitchell,20,New Stephanieport,joseph19@example.net
492,Brendan Pollard,55,West Justin,jose79@example.org
493,Ashley Allen,49,Hudsonland,bradleythompson@example.org
494,Ashley Melendez,45,Port Sean,christianfuentes@example.org
495,Joshua Martin,53,Port Kristina,millerfrank@example.com
496,John Harris,44,Karenfurt,steventerry@example.org
497,Dr. Melissa Graham,58,Colemanchester,maldonadoelizabeth@example.net
498,Lauren Kelly,51,Lake Adammouth,alicia75@example.org
499,Natalie Adams,50,East Robert,jpage@example.org
